#,peptide Sequence,RandomRegion Sequence, Primer Sequence
1,VWDPRTFYLSRI,AATGCGGCTCAGATAAAAGGTGCGCGGATCCCACAC,GCTGCCGCTGCCGCTGCCGCAAATGCGGCTCAGATAAAAGGTGCGCGGATCCCACACCATATGTATATCTCCTTCTTAAAG
2,,,GCTGCCGCTGCCGCTGCCGCACATATGTATATCTCCTTCTTAAAG
3,AWDPRTFYLSRI,AATGCGGCTCAGATAAAAGGTGCGCGGATCCCACGC,GCTGCCGCTGCCGCTGCCGCAAATGCGGCTCAGATAAAAGGTGCGCGGATCCCACGCCATATGTATATCTCCTTCTTAAAG
4,VADPRTFYLSRI,AATGCGGCTCAGATAAAAGGTGCGCGGATCCGCCAC,GCTGCCGCTGCCGCTGCCGCAAATGCGGCTCAGATAAAAGGTGCGCGGATCCGCCACCATATGTATATCTCCTTCTTAAAG
5,VWAPRTFYLSRI,AATGCGGCTCAGATAAAAGGTGCGCGGCGCCCACAC,GCTGCCGCTGCCGCTGCCGCAAATGCGGCTCAGATAAAAGGTGCGCGGCGCCCACACCATATGTATATCTCCTTCTTAAAG
6,VWDARTFYLSRI,AATGCGGCTCAGATAAAAGGTGCGCGCATCCCACAC,GCTGCCGCTGCCGCTGCCGCAAATGCGGCTCAGATAAAAGGTGCGCGCATCCCACACCATATGTATATCTCCTTCTTAAAG
7,VWDPATFYLSRI,AATGCGGCTCAGATAAAAGGTCGCCGGATCCCACAC,GCTGCCGCTGCCGCTGCCGCAAATGCGGCTCAGATAAAAGGTCGCCGGATCCCACACCATATGTATATCTCCTTCTTAAAG
8,VWDPRAFYLSRI,AATGCGGCTCAGATAAAACGCGCGCGGATCCCACAC,GCTGCCGCTGCCGCTGCCGCAAATGCGGCTCAGATAAAACGCGCGCGGATCCCACACCATATGTATATCTCCTTCTTAAAG
9,VWDPRTAYLSRI,AATGCGGCTCAGATACGCGGTGCGCGGATCCCACAC,GCTGCCGCTGCCGCTGCCGCAAATGCGGCTCAGATACGCGGTGCGCGGATCCCACACCATATGTATATCTCCTTCTTAAAG
10,VWDPRTFALSRI,AATGCGGCTCAGCGCAAAGGTGCGCGGATCCCACAC,GCTGCCGCTGCCGCTGCCGCAAATGCGGCTCAGCGCAAAGGTGCGCGGATCCCACACCATATGTATATCTCCTTCTTAAAG
11,VWDPRTFYASRI,AATGCGGCTCGCATAAAAGGTGCGCGGATCCCACAC,GCTGCCGCTGCCGCTGCCGCAAATGCGGCTCGCATAAAAGGTGCGCGGATCCCACACCATATGTATATCTCCTTCTTAAAG
12,VWDPRTFYLARI,AATGCGCGCCAGATAAAAGGTGCGCGGATCCCACAC,GCTGCCGCTGCCGCTGCCGCAAATGCGCGCCAGATAAAAGGTGCGCGGATCCCACACCATATGTATATCTCCTTCTTAAAG
13,VWDPRTFYLSAI,AATCGCGCTCAGATAAAAGGTGCGCGGATCCCACAC,GCTGCCGCTGCCGCTGCCGCAAATCGCGCTCAGATAAAAGGTGCGCGGATCCCACACCATATGTATATCTCCTTCTTAAAG
14,VWDPRTFYLSRA,CGCGCGGCTCAGATAAAAGGTGCGCGGATCCCACAC,GCTGCCGCTGCCGCTGCCGCACGCGCGGCTCAGATAAAAGGTGCGCGGATCCCACACCATATGTATATCTCCTTCTTAAAG
